Date,Brand,AvgPrice,UnitSold,DrakeT,KanyeT,YeezyT,OffWhiteT
1/1/2018,Yeezy,408.8346457,127,11,6,8,3
1/2/2018,Off-White,652.25,16,11,6,8,3
1/2/2018,Yeezy,408.0993789,161,11,6,8,3
1/3/2018,Off-White,842.0909091,22,11,6,8,3
1/3/2018,Yeezy,394.3037975,158,11,6,8,3
1/4/2018,Off-White,805.95,20,10,6,7,4
1/4/2018,Yeezy,405.5185185,135,10,6,7,4
1/5/2018,Off-White,702.2380952,21,10,6,7,4
1/5/2018,Yeezy,404.2205882,136,10,6,7,4
1/6/2018,Off-White,828.3333333,15,10,6,7,4
1/6/2018,Yeezy,421.2035398,113,10,6,7,4
1/7/2018,Off-White,773.9285714,14,10,6,7,4
1/7/2018,Yeezy,407.5686275,102,10,6,7,4
1/8/2018,Off-White,804.2857143,14,10,6,7,4
1/8/2018,Yeezy,410.7131148,122,10,6,7,4
1/9/2018,Off-White,804.8823529,17,10,6,7,4
1/9/2018,Yeezy,412.4951456,103,10,6,7,4
1/10/2018,Off-White,728.7058824,17,10,6,7,4
1/10/2018,Yeezy,406.1238095,105,10,6,7,4
1/11/2018,Off-White,831,22,14,12,6,4
1/11/2018,Yeezy,418.3153153,111,14,12,6,4
1/12/2018,Off-White,815.8666667,15,14,12,6,4
1/12/2018,Yeezy,432.9238095,105,14,12,6,4
1/13/2018,Off-White,827.5714286,14,14,12,6,4
1/13/2018,Yeezy,426.90625,96,14,12,6,4
1/14/2018,Off-White,840,13,14,12,6,4
1/14/2018,Yeezy,408.4358974,78,14,12,6,4
1/15/2018,Off-White,741.7333333,15,14,12,6,4
1/15/2018,Yeezy,422.0900901,111,14,12,6,4
1/16/2018,Off-White,825.75,12,14,12,6,4
1/16/2018,Yeezy,440.1747573,103,14,12,6,4
1/17/2018,Off-White,851.4117647,17,14,12,6,4
1/17/2018,Yeezy,419.0909091,99,14,12,6,4
1/18/2018,Off-White,841.7,20,19,7,6,3
1/18/2018,Yeezy,441.0540541,111,19,7,6,3
1/19/2018,Off-White,773.0555556,18,19,7,6,3
1/19/2018,Yeezy,449.8448276,116,19,7,6,3
1/20/2018,Off-White,846.3125,16,19,7,6,3
1/20/2018,Yeezy,440.673913,92,19,7,6,3
1/21/2018,Off-White,850.8571429,14,19,7,6,3
1/21/2018,Yeezy,420.3846154,78,19,7,6,3
1/22/2018,Off-White,812.3076923,13,19,7,6,3
1/22/2018,Yeezy,449.3218391,87,19,7,6,3
1/23/2018,Off-White,783.9411765,17,19,7,6,3
1/23/2018,Yeezy,445.0930233,86,19,7,6,3
1/24/2018,Off-White,833.3571429,14,19,7,6,3
1/24/2018,Yeezy,439.027027,74,19,7,6,3
1/25/2018,Off-White,809.7333333,15,14,8,7,4
1/25/2018,Yeezy,417.25,92,14,8,7,4
1/26/2018,Off-White,749.7619048,21,14,8,7,4
1/26/2018,Yeezy,428.1585366,82,14,8,7,4
1/27/2018,Off-White,830.5384615,13,14,8,7,4
1/27/2018,Yeezy,424.9680851,94,14,8,7,4
1/28/2018,Off-White,874.2727273,11,14,8,7,4
1/28/2018,Yeezy,435.4857143,70,14,8,7,4
1/29/2018,Off-White,1088.666667,9,14,8,7,4
1/29/2018,Yeezy,457.7777778,72,14,8,7,4
1/30/2018,Off-White,954.9411765,17,14,8,7,4
1/30/2018,Yeezy,454.691358,81,14,8,7,4
1/31/2018,Off-White,833,11,14,8,7,4
1/31/2018,Yeezy,436.7125,80,14,8,7,4
2/1/2018,Off-White,977.2857143,14,14,7,6,3
2/1/2018,Yeezy,440.4719101,89,14,7,6,3
2/2/2018,Off-White,989.5714286,14,14,7,6,3
2/2/2018,Yeezy,435.9166667,72,14,7,6,3
2/3/2018,Off-White,877.3636364,11,14,7,6,3
2/3/2018,Yeezy,437.4935065,77,14,7,6,3
2/4/2018,Off-White,838.7777778,9,14,7,6,3
2/4/2018,Yeezy,433.4492754,69,14,7,6,3
2/5/2018,Off-White,944.125,8,14,7,6,3
2/5/2018,Yeezy,444.5,76,14,7,6,3
2/6/2018,Off-White,764.6666667,12,14,7,6,3
2/6/2018,Yeezy,442.525,80,14,7,6,3
2/7/2018,Off-White,961.0833333,12,14,7,6,3
2/7/2018,Yeezy,448.3953488,86,14,7,6,3
2/8/2018,Off-White,913.1818182,11,19,7,7,3
2/8/2018,Yeezy,436.4367816,87,19,7,7,3
2/9/2018,Off-White,960.2727273,11,19,7,7,3
2/9/2018,Yeezy,465.9873418,79,19,7,7,3
2/10/2018,Off-White,882.25,8,19,7,7,3
2/10/2018,Yeezy,447.5272727,55,19,7,7,3
2/11/2018,Off-White,908.6,10,19,7,7,3
2/11/2018,Yeezy,425.0508475,59,19,7,7,3
2/12/2018,Off-White,885.2307692,13,19,7,7,3
2/12/2018,Yeezy,445.8378378,74,19,7,7,3
2/13/2018,Off-White,862.6666667,12,19,7,7,3
2/13/2018,Yeezy,439.8412698,63,19,7,7,3
2/14/2018,Off-White,897.625,8,19,7,7,3
2/14/2018,Yeezy,439.9545455,66,19,7,7,3
2/15/2018,Off-White,1109,5,18,6,6,4
2/15/2018,Yeezy,465.8305085,59,18,6,6,4
2/16/2018,Off-White,993,9,18,6,6,4
2/16/2018,Yeezy,455.5747126,87,18,6,6,4
2/17/2018,Off-White,845,10,18,6,6,4
2/17/2018,Yeezy,436.8714286,70,18,6,6,4
2/18/2018,Off-White,929.3333333,9,18,6,6,4
2/18/2018,Yeezy,445.90625,64,18,6,6,4
2/19/2018,Off-White,869.5333333,15,18,6,6,4
2/19/2018,Yeezy,443.9305556,72,18,6,6,4
2/20/2018,Off-White,842.9375,16,18,6,6,4
2/20/2018,Yeezy,448.0857143,70,18,6,6,4
2/21/2018,Off-White,958.0909091,11,18,6,6,4
2/21/2018,Yeezy,434.1666667,72,18,6,6,4
2/22/2018,Off-White,988.7647059,17,16,6,6,4
2/22/2018,Yeezy,452.2954545,88,16,6,6,4
2/23/2018,Off-White,917.1,10,16,6,6,4
2/23/2018,Yeezy,448.0357143,84,16,6,6,4
2/24/2018,Off-White,1029.214286,14,16,6,6,4
2/24/2018,Yeezy,452.2093023,86,16,6,6,4
2/25/2018,Off-White,1145.230769,13,16,6,6,4
2/25/2018,Yeezy,434.5070423,71,16,6,6,4
2/26/2018,Off-White,1280.230769,13,16,6,6,4
2/26/2018,Yeezy,444.4,75,16,6,6,4
2/27/2018,Off-White,1077.555556,18,16,6,6,4
2/27/2018,Yeezy,454.9113924,79,16,6,6,4
2/28/2018,Off-White,1028,22,16,6,6,4
2/28/2018,Yeezy,459.2857143,84,16,6,6,4
3/1/2018,Off-White,1106.9375,16,14,5,9,4
3/1/2018,Yeezy,467.0898876,89,14,5,9,4
3/2/2018,Off-White,1226.409091,22,14,5,9,4
3/2/2018,Yeezy,468.8271605,81,14,5,9,4
3/3/2018,Off-White,1414,32,14,5,9,4
3/3/2018,Yeezy,469.3538462,65,14,5,9,4
3/4/2018,Off-White,1343.4,20,14,5,9,4
3/4/2018,Yeezy,450.0508475,59,14,5,9,4
3/5/2018,Off-White,1239.411765,17,14,5,9,4
3/5/2018,Yeezy,447.6024096,83,14,5,9,4
3/6/2018,Off-White,1389.5,14,14,5,9,4
3/6/2018,Yeezy,479.804878,82,14,5,9,4
3/7/2018,Off-White,1347.85,20,14,5,9,4
3/7/2018,Yeezy,480.1111111,72,14,5,9,4
3/8/2018,Off-White,1235.45,20,17,7,7,3
3/8/2018,Yeezy,475.5416667,72,17,7,7,3
3/9/2018,Off-White,1181.45,20,17,7,7,3
3/9/2018,Yeezy,449.7142857,70,17,7,7,3
3/10/2018,Off-White,1094.470588,17,17,7,7,3
3/10/2018,Yeezy,454.9846154,65,17,7,7,3
3/11/2018,Off-White,1344.384615,13,17,7,7,3
3/11/2018,Yeezy,446.9298246,57,17,7,7,3
3/12/2018,Off-White,1157.769231,13,17,7,7,3
3/12/2018,Yeezy,471.0779221,77,17,7,7,3
3/13/2018,Off-White,1118.307692,13,17,7,7,3
3/13/2018,Yeezy,459.739726,73,17,7,7,3
3/14/2018,Off-White,1205.875,16,17,7,7,3
3/14/2018,Yeezy,475.7258065,62,17,7,7,3
3/15/2018,Off-White,1129.8,10,15,6,6,3
3/15/2018,Yeezy,450.7924528,53,15,6,6,3
3/16/2018,Off-White,1136.9,10,15,6,6,3
3/16/2018,Yeezy,432.3733333,150,15,6,6,3
3/17/2018,Off-White,1099.5,8,15,6,6,3
3/17/2018,Yeezy,448.8,75,15,6,6,3
3/18/2018,Off-White,1226,9,15,6,6,3
3/18/2018,Yeezy,484.9848485,66,15,6,6,3
3/19/2018,Off-White,1090.1,10,15,6,6,3
3/19/2018,Yeezy,459.7083333,72,15,6,6,3
3/20/2018,Off-White,1127.133333,15,15,6,6,3
3/20/2018,Yeezy,467.7183099,71,15,6,6,3
3/21/2018,Off-White,1154.1,10,15,6,6,3
3/21/2018,Yeezy,450.359375,64,15,6,6,3
3/22/2018,Off-White,1095.888889,9,14,7,5,6
3/22/2018,Yeezy,458.0983607,61,14,7,5,6
3/23/2018,Off-White,1117.1,10,14,7,5,6
3/23/2018,Yeezy,472.8,55,14,7,5,6
3/24/2018,Off-White,1195.076923,13,14,7,5,6
3/24/2018,Yeezy,481.6,65,14,7,5,6
3/25/2018,Off-White,1007.7,10,14,7,5,6
3/25/2018,Yeezy,481.8360656,61,14,7,5,6
3/26/2018,Off-White,1056.695652,23,14,7,5,6
3/26/2018,Yeezy,476.7105263,76,14,7,5,6
3/27/2018,Off-White,1011.363636,11,14,7,5,6
3/27/2018,Yeezy,488.1034483,58,14,7,5,6
3/28/2018,Off-White,939.1538462,26,14,7,5,6
3/28/2018,Yeezy,474.984127,63,14,7,5,6
3/29/2018,Off-White,763.6842105,38,17,6,5,4
3/29/2018,Yeezy,469.6851852,54,17,6,5,4
3/30/2018,Off-White,721.8055556,72,17,6,5,4
3/30/2018,Yeezy,498.6969697,66,17,6,5,4
3/31/2018,Off-White,737.6818182,44,17,6,5,4
3/31/2018,Yeezy,488.2340426,47,17,6,5,4
4/1/2018,Off-White,875.4230769,26,17,6,5,4
4/1/2018,Yeezy,476.1454545,55,17,6,5,4
4/2/2018,Off-White,840.5833333,36,17,6,5,4
4/2/2018,Yeezy,481.3442623,61,17,6,5,4
4/3/2018,Off-White,790.5135135,37,17,6,5,4
4/3/2018,Yeezy,502.1875,64,17,6,5,4
4/4/2018,Off-White,732.2272727,44,17,6,5,4
4/4/2018,Yeezy,484.559322,59,17,6,5,4
4/5/2018,Off-White,768.0196078,51,20,6,7,4
4/5/2018,Yeezy,473.6140351,57,20,6,7,4
4/6/2018,Off-White,708.4313725,51,20,6,7,4
4/6/2018,Yeezy,485.3833333,60,20,6,7,4
4/7/2018,Off-White,789.78125,32,20,6,7,4
4/7/2018,Yeezy,509.0740741,54,20,6,7,4
4/8/2018,Off-White,831.7307692,26,20,6,7,4
4/8/2018,Yeezy,486.5925926,54,20,6,7,4
4/9/2018,Off-White,773.6052632,38,20,6,7,4
4/9/2018,Yeezy,463.5636364,55,20,6,7,4
4/10/2018,Off-White,728.5294118,34,20,6,7,4
4/10/2018,Yeezy,486.3389831,59,20,6,7,4
4/11/2018,Off-White,744.9428571,35,20,6,7,4
4/11/2018,Yeezy,471.9807692,52,20,6,7,4
4/12/2018,Off-White,755.65625,32,17,10,7,3
4/12/2018,Yeezy,489.7068966,58,17,10,7,3
4/13/2018,Off-White,702.2820513,39,17,10,7,3
4/13/2018,Yeezy,473.8823529,51,17,10,7,3
4/14/2018,Off-White,652.1263158,95,17,10,7,3
4/14/2018,Yeezy,463.98,50,17,10,7,3
4/15/2018,Off-White,694.8596491,57,17,10,7,3
4/15/2018,Yeezy,479.14,50,17,10,7,3
4/16/2018,Off-White,645.1,50,17,10,7,3
4/16/2018,Yeezy,486.2115385,52,17,10,7,3
4/17/2018,Off-White,660.3492063,63,17,10,7,3
4/17/2018,Yeezy,479.2,50,17,10,7,3
4/18/2018,Off-White,639.028169,71,17,10,7,3
4/18/2018,Yeezy,494.6041667,48,17,10,7,3
4/19/2018,Off-White,703.245614,57,15,56,8,4
4/19/2018,Yeezy,494.4,45,15,56,8,4
4/20/2018,Off-White,579.2682927,41,15,56,8,4
4/20/2018,Yeezy,477.4693878,49,15,56,8,4
4/21/2018,Off-White,685.7878788,33,15,56,8,4
4/21/2018,Yeezy,548.4761905,42,15,56,8,4
4/22/2018,Off-White,729.7352941,34,15,56,8,4
4/22/2018,Yeezy,487.025641,39,15,56,8,4
4/23/2018,Off-White,622.44,50,15,56,8,4
4/23/2018,Yeezy,458.6304348,46,15,56,8,4
4/24/2018,Off-White,745.2439024,41,15,56,8,4
4/24/2018,Yeezy,466.4042553,47,15,56,8,4
4/25/2018,Off-White,680.8,35,15,56,8,4
4/25/2018,Yeezy,488.2745098,51,15,56,8,4
4/26/2018,Off-White,848.7586207,29,17,73,6,3
4/26/2018,Yeezy,495.1590909,44,17,73,6,3
4/27/2018,Off-White,654.9655172,29,17,73,6,3
4/27/2018,Yeezy,487.8611111,36,17,73,6,3
4/28/2018,Off-White,766.1481481,27,17,73,6,3
4/28/2018,Yeezy,473.0952381,42,17,73,6,3
4/29/2018,Off-White,616.2,20,17,73,6,3
4/29/2018,Yeezy,481.0833333,36,17,73,6,3
4/30/2018,Off-White,752.1111111,36,17,73,6,3
4/30/2018,Yeezy,500.7317073,41,17,73,6,3
5/1/2018,Off-White,719.5416667,24,17,73,6,3
5/1/2018,Yeezy,491.6216216,37,17,73,6,3
5/2/2018,Off-White,722,24,17,73,6,3
5/2/2018,Yeezy,489.8181818,44,17,73,6,3
5/3/2018,Off-White,864.7692308,26,14,24,5,5
5/3/2018,Yeezy,507,45,14,24,5,5
5/4/2018,Off-White,746.84,25,14,24,5,5
5/4/2018,Yeezy,521.2181818,55,14,24,5,5
5/5/2018,Off-White,687.8666667,15,14,24,5,5
5/5/2018,Yeezy,470.8717949,39,14,24,5,5
5/6/2018,Off-White,970.7058824,17,14,24,5,5
5/6/2018,Yeezy,484.55,40,14,24,5,5
5/7/2018,Off-White,724.9655172,29,14,24,5,5
5/7/2018,Yeezy,503.5,48,14,24,5,5
5/8/2018,Off-White,831.96875,32,14,24,5,5
5/8/2018,Yeezy,492.7555556,45,14,24,5,5
5/9/2018,Off-White,767.55,20,14,24,5,5
5/9/2018,Yeezy,513.6486486,37,14,24,5,5
5/10/2018,Off-White,860.5714286,28,24,11,5,3
5/10/2018,Yeezy,515.4565217,46,24,11,5,3
5/11/2018,Off-White,875.9444444,18,24,11,5,3
5/11/2018,Yeezy,501.2978723,47,24,11,5,3
5/12/2018,Off-White,796.1111111,18,24,11,5,3
5/12/2018,Yeezy,497.425,40,24,11,5,3
5/13/2018,Off-White,763.7619048,21,24,11,5,3
5/13/2018,Yeezy,503.0909091,33,24,11,5,3
5/14/2018,Off-White,730.969697,33,24,11,5,3
5/14/2018,Yeezy,489.9824561,57,24,11,5,3
5/15/2018,Off-White,800.4090909,22,24,11,5,3
5/15/2018,Yeezy,500.075,40,24,11,5,3
5/16/2018,Off-White,907.0909091,22,24,11,5,3
5/16/2018,Yeezy,491.3953488,43,24,11,5,3
5/17/2018,Off-White,892.1176471,17,25,11,4,4
5/17/2018,Yeezy,490.030303,33,25,11,4,4
5/18/2018,Off-White,840.0769231,13,25,11,4,4
5/18/2018,Yeezy,494.9767442,43,25,11,4,4
5/19/2018,Off-White,784.15,20,25,11,4,4
5/19/2018,Yeezy,529.6388889,36,25,11,4,4
5/20/2018,Off-White,896.5882353,17,25,11,4,4
5/20/2018,Yeezy,453.8666667,30,25,11,4,4
5/21/2018,Off-White,852.5714286,21,25,11,4,4
5/21/2018,Yeezy,482.0888889,45,25,11,4,4
5/22/2018,Off-White,910.8636364,22,25,11,4,4
5/22/2018,Yeezy,469.7272727,44,25,11,4,4
5/23/2018,Off-White,1175.73913,69,25,11,4,4
5/23/2018,Yeezy,481.9534884,43,25,11,4,4
5/24/2018,Off-White,1131.982301,113,100,35,5,4
5/24/2018,Yeezy,487.1214953,107,100,35,5,4
5/25/2018,Off-White,1059.00813,123,100,35,5,4
5/25/2018,Yeezy,471.6142857,70,100,35,5,4
5/26/2018,Off-White,1042.132353,136,100,35,5,4
5/26/2018,Yeezy,479.5416667,48,100,35,5,4
5/27/2018,Off-White,959.5268817,93,100,35,5,4
5/27/2018,Yeezy,465.1904762,42,100,35,5,4
5/28/2018,Off-White,929.0777778,90,100,35,5,4
5/28/2018,Yeezy,480.8958333,48,100,35,5,4
5/29/2018,Off-White,892.0272109,147,100,35,5,4
5/29/2018,Yeezy,419.0325203,123,100,35,5,4
5/30/2018,Off-White,885.4170404,223,100,35,5,4
5/30/2018,Yeezy,427.6944444,324,100,35,5,4
5/31/2018,Off-White,873.0763359,131,32,28,6,4
5/31/2018,Yeezy,444.7913043,115,32,28,6,4
6/1/2018,Off-White,871.1355932,59,32,28,6,4
6/1/2018,Yeezy,445.03125,64,32,28,6,4
6/2/2018,Off-White,903.3469388,49,32,28,6,4
6/2/2018,Yeezy,494.34,50,32,28,6,4
6/3/2018,Off-White,795.7142857,49,32,28,6,4
6/3/2018,Yeezy,433.0697674,43,32,28,6,4
6/4/2018,Off-White,861.761194,67,32,28,6,4
6/4/2018,Yeezy,450.1320755,53,32,28,6,4
6/5/2018,Off-White,766.2777778,54,32,28,6,4
6/5/2018,Yeezy,430.6136364,44,32,28,6,4
6/6/2018,Off-White,850.1896552,58,32,28,6,4
6/6/2018,Yeezy,455.4888889,45,32,28,6,4
6/7/2018,Off-White,888.3,50,24,17,6,5
6/7/2018,Yeezy,442.7826087,46,24,17,6,5
6/8/2018,Off-White,795.4363636,55,24,17,6,5
6/8/2018,Yeezy,454.9782609,46,24,17,6,5
6/9/2018,Off-White,897.1190476,42,24,17,6,5
6/9/2018,Yeezy,459.5365854,41,24,17,6,5
6/10/2018,Off-White,811.7391304,46,24,17,6,5
6/10/2018,Yeezy,440.2954545,44,24,17,6,5
6/11/2018,Off-White,804.1842105,38,24,17,6,5
6/11/2018,Yeezy,468.2857143,56,24,17,6,5
6/12/2018,Off-White,805.9032258,62,24,17,6,5
6/12/2018,Yeezy,452.3695652,46,24,17,6,5
6/13/2018,Off-White,752.2045455,88,24,17,6,5
6/13/2018,Yeezy,427.4626866,67,24,17,6,5
6/14/2018,Off-White,526.9701493,134,25,12,5,4
6/14/2018,Yeezy,452.6666667,45,25,12,5,4
6/15/2018,Off-White,646.6694215,121,25,12,5,4
6/15/2018,Yeezy,438.2040816,49,25,12,5,4
6/16/2018,Off-White,659.3857143,70,25,12,5,4
6/16/2018,Yeezy,447.7234043,47,25,12,5,4
6/17/2018,Off-White,637.1184211,76,25,12,5,4
6/17/2018,Yeezy,475.5789474,38,25,12,5,4
6/18/2018,Off-White,594.6965174,201,25,12,5,4
6/18/2018,Yeezy,425.75,40,25,12,5,4
6/19/2018,Off-White,597.103139,223,25,12,5,4
6/19/2018,Yeezy,444.6666667,48,25,12,5,4
6/20/2018,Off-White,561.4150943,159,25,12,5,4
6/20/2018,Yeezy,516.8297872,47,25,12,5,4
6/21/2018,Off-White,561.488,125,66,9,10,4
6/21/2018,Yeezy,454.5689655,58,66,9,10,4
6/22/2018,Off-White,589.3737374,99,66,9,10,4
6/22/2018,Yeezy,414.3333333,60,66,9,10,4
6/23/2018,Off-White,709.9384615,130,66,9,10,4
6/23/2018,Yeezy,434.2647059,68,66,9,10,4
6/24/2018,Off-White,699.6714286,70,66,9,10,4
6/24/2018,Yeezy,417.3902439,41,66,9,10,4
6/25/2018,Off-White,680.1020408,98,66,9,10,4
6/25/2018,Yeezy,423.5892857,56,66,9,10,4
6/26/2018,Off-White,750,66,66,9,10,4
6/26/2018,Yeezy,407.3761468,109,66,9,10,4
6/27/2018,Off-White,735.8783784,74,66,9,10,4
6/27/2018,Yeezy,401.412844,109,66,9,10,4
6/28/2018,Off-White,617.0819672,61,68,10,9,3
6/28/2018,Yeezy,353.3697479,119,68,10,9,3
6/29/2018,Off-White,660.4347826,46,68,10,9,3
6/29/2018,Yeezy,316.1489971,349,68,10,9,3
6/30/2018,Off-White,698.8611111,36,68,10,9,3
6/30/2018,Yeezy,307.4764293,997,68,10,9,3
7/1/2018,Off-White,639.2258065,31,68,10,9,3
7/1/2018,Yeezy,310.9976359,423,68,10,9,3
7/2/2018,Off-White,731.6666667,48,68,10,9,3
7/2/2018,Yeezy,320.9556213,338,68,10,9,3
7/3/2018,Off-White,785.4565217,46,68,10,9,3
7/3/2018,Yeezy,312.4751773,282,68,10,9,3
7/4/2018,Off-White,727.4666667,30,68,10,9,3
7/4/2018,Yeezy,312.626943,193,68,10,9,3
7/5/2018,Off-White,741.5263158,38,52,8,7,4
7/5/2018,Yeezy,304.2936047,344,52,8,7,4
7/6/2018,Off-White,720.6923077,39,52,8,7,4
7/6/2018,Yeezy,294.706044,364,52,8,7,4
7/7/2018,Off-White,666.5384615,26,52,8,7,4
7/7/2018,Yeezy,304.3396947,262,52,8,7,4
7/8/2018,Off-White,689.3055556,36,52,8,7,4
7/8/2018,Yeezy,314.5745856,181,52,8,7,4
7/9/2018,Off-White,773.0384615,52,52,8,7,4
7/9/2018,Yeezy,298.584507,284,52,8,7,4
7/10/2018,Off-White,771.2,45,52,8,7,4
7/10/2018,Yeezy,301.4692308,260,52,8,7,4
7/11/2018,Off-White,758.1666667,48,52,8,7,4
7/11/2018,Yeezy,308.0896226,212,52,8,7,4
7/12/2018,Off-White,745.6756757,37,35,7,6,4
7/12/2018,Yeezy,313.5666667,180,35,7,6,4
7/13/2018,Off-White,754.974359,39,35,7,6,4
7/13/2018,Yeezy,304.3258427,178,35,7,6,4
7/14/2018,Off-White,763.1470588,34,35,7,6,4
7/14/2018,Yeezy,308.1848739,119,35,7,6,4
7/15/2018,Off-White,677.5945946,37,35,7,6,4
7/15/2018,Yeezy,323.8467742,124,35,7,6,4
7/16/2018,Off-White,736.875,56,35,7,6,4
7/16/2018,Yeezy,317.3607595,158,35,7,6,4
7/17/2018,Off-White,729.7971014,69,35,7,6,4
7/17/2018,Yeezy,325.6115702,121,35,7,6,4
7/18/2018,Off-White,767.3707865,89,35,7,6,4
7/18/2018,Yeezy,323.3605442,147,35,7,6,4
7/19/2018,Off-White,674.59375,64,34,8,5,6
7/19/2018,Yeezy,324.8098592,142,34,8,5,6
7/20/2018,Off-White,692.0882353,34,34,8,5,6
7/20/2018,Yeezy,333.1716418,134,34,8,5,6
7/21/2018,Off-White,680.0714286,42,34,8,5,6
7/21/2018,Yeezy,329.9166667,108,34,8,5,6
7/22/2018,Off-White,720.8636364,22,34,8,5,6
7/22/2018,Yeezy,346.1401869,107,34,8,5,6
7/23/2018,Off-White,738.5744681,47,34,8,5,6
7/23/2018,Yeezy,322.2083333,120,34,8,5,6
7/24/2018,Off-White,761.7592593,54,34,8,5,6
7/24/2018,Yeezy,346.4358974,117,34,8,5,6
7/25/2018,Off-White,771.1,60,34,8,5,6
7/25/2018,Yeezy,343.5773196,97,34,8,5,6
7/26/2018,Off-White,703.0645161,93,32,8,6,5
7/26/2018,Yeezy,326.9708738,103,32,8,6,5
7/27/2018,Off-White,721.0058824,170,32,8,6,5
7/27/2018,Yeezy,336.9017857,112,32,8,6,5
7/28/2018,Off-White,735.5,102,32,8,6,5
7/28/2018,Yeezy,331.2,95,32,8,6,5
7/29/2018,Off-White,734.3188406,69,32,8,6,5
7/29/2018,Yeezy,370.2616822,107,32,8,6,5
7/30/2018,Off-White,739.2022472,89,32,8,6,5
7/30/2018,Yeezy,323.9642857,112,32,8,6,5
7/31/2018,Off-White,713.0875,160,32,8,6,5
7/31/2018,Yeezy,343.9134615,104,32,8,6,5
8/1/2018,Off-White,721.6408451,142,32,8,6,5
8/1/2018,Yeezy,350.1037736,106,32,8,6,5
8/2/2018,Off-White,711.8580645,155,26,11,6,4
8/2/2018,Yeezy,348.2377049,122,26,11,6,4
8/3/2018,Off-White,698.6702128,188,26,11,6,4
8/3/2018,Yeezy,333.6956522,115,26,11,6,4
8/4/2018,Off-White,704.1315789,114,26,11,6,4
8/4/2018,Yeezy,337.3510638,94,26,11,6,4
8/5/2018,Off-White,665.4123711,97,26,11,6,4
8/5/2018,Yeezy,325.7613636,88,26,11,6,4
8/6/2018,Off-White,676.8898305,118,26,11,6,4
8/6/2018,Yeezy,337.5,108,26,11,6,4
8/7/2018,Off-White,700.942623,122,26,11,6,4
8/7/2018,Yeezy,351.2371134,97,26,11,6,4
8/8/2018,Off-White,709.8888889,108,26,11,6,4
8/8/2018,Yeezy,328.8220339,118,26,11,6,4
8/9/2018,Off-White,670.0980392,153,23,10,6,4
8/9/2018,Yeezy,331.3448276,116,23,10,6,4
8/10/2018,Off-White,689.8790323,124,23,10,6,4
8/10/2018,Yeezy,332.8992248,129,23,10,6,4
8/11/2018,Off-White,685.304878,82,23,10,6,4
8/11/2018,Yeezy,349.8461538,91,23,10,6,4
8/12/2018,Off-White,748.8873239,71,23,10,6,4
8/12/2018,Yeezy,328.5402299,87,23,10,6,4
8/13/2018,Off-White,766.2380952,84,23,10,6,4
8/13/2018,Yeezy,357.9115044,113,23,10,6,4
8/14/2018,Off-White,827.0666667,135,23,10,6,4
8/14/2018,Yeezy,334.5737705,122,23,10,6,4
8/15/2018,Off-White,772.6767677,198,23,10,6,4
8/15/2018,Yeezy,326.8732394,142,23,10,6,4
8/16/2018,Off-White,794.7083333,72,22,8,6,4
8/16/2018,Yeezy,373.4852941,136,22,8,6,4
8/17/2018,Off-White,760.1785714,56,22,8,6,4
8/17/2018,Yeezy,299.8881579,304,22,8,6,4
8/18/2018,Off-White,864.8043478,46,22,8,6,4
8/18/2018,Yeezy,326.3660714,112,22,8,6,4
8/19/2018,Off-White,856.8157895,38,22,8,6,4
8/19/2018,Yeezy,344.4269663,89,22,8,6,4
8/20/2018,Off-White,748.779661,59,22,8,6,4
8/20/2018,Yeezy,336.2580645,155,22,8,6,4
8/21/2018,Off-White,730.4782609,46,22,8,6,4
8/21/2018,Yeezy,338.9150943,106,22,8,6,4
8/22/2018,Off-White,828.5319149,47,22,8,6,4
8/22/2018,Yeezy,362.9893617,94,22,8,6,4
8/23/2018,Off-White,781.8181818,44,22,8,5,4
8/23/2018,Yeezy,353.1122449,98,22,8,5,4
8/24/2018,Off-White,800.4642857,28,22,8,5,4
8/24/2018,Yeezy,346.5357143,84,22,8,5,4
8/25/2018,Off-White,850.5714286,35,22,8,5,4
8/25/2018,Yeezy,358.4337349,83,22,8,5,4
8/26/2018,Off-White,878.5384615,39,22,8,5,4
8/26/2018,Yeezy,351.8227848,79,22,8,5,4
8/27/2018,Off-White,867.0754717,53,22,8,5,4
8/27/2018,Yeezy,342.4831461,89,22,8,5,4
8/28/2018,Off-White,841.9056604,53,22,8,5,4
8/28/2018,Yeezy,341.9042553,94,22,8,5,4
8/29/2018,Off-White,835.9655172,58,22,8,5,4
8/29/2018,Yeezy,358.0116279,86,22,8,5,4
8/30/2018,Off-White,850.6885246,61,21,11,6,4
8/30/2018,Yeezy,358.8243243,74,21,11,6,4
8/31/2018,Off-White,853.1111111,54,21,11,6,4
8/31/2018,Yeezy,361.556962,79,21,11,6,4
9/1/2018,Off-White,841.4722222,36,21,11,6,4
9/1/2018,Yeezy,366.5822785,79,21,11,6,4
9/2/2018,Off-White,780.92,25,21,11,6,4
9/2/2018,Yeezy,378.3269231,52,21,11,6,4
9/3/2018,Off-White,790.4166667,36,21,11,6,4
9/3/2018,Yeezy,395.345679,81,21,11,6,4
9/4/2018,Off-White,751.6363636,44,21,11,6,4
9/4/2018,Yeezy,352.5897436,78,21,11,6,4
9/5/2018,Off-White,865.8666667,45,21,11,6,4
9/5/2018,Yeezy,364.8333333,72,21,11,6,4
9/6/2018,Off-White,847.452381,42,21,14,7,3
9/6/2018,Yeezy,370.9041096,73,21,14,7,3
9/7/2018,Off-White,769.7027027,37,21,14,7,3
9/7/2018,Yeezy,350.369863,73,21,14,7,3
9/8/2018,Off-White,826.2,30,21,14,7,3
9/8/2018,Yeezy,350.4285714,63,21,14,7,3
9/9/2018,Off-White,837.8387097,31,21,14,7,3
9/9/2018,Yeezy,379.5,68,21,14,7,3
9/10/2018,Off-White,787.8461538,39,21,14,7,3
9/10/2018,Yeezy,348.9594595,74,21,14,7,3
9/11/2018,Off-White,743.4545455,33,21,14,7,3
9/11/2018,Yeezy,387.9402985,67,21,14,7,3
9/12/2018,Off-White,769.7307692,26,21,14,7,3
9/12/2018,Yeezy,364.3030303,66,21,14,7,3
9/13/2018,Off-White,779.7777778,27,25,14,15,4
9/13/2018,Yeezy,371.2361111,72,25,14,15,4
9/14/2018,Off-White,777.9210526,38,25,14,15,4
9/14/2018,Yeezy,365.1639344,61,25,14,15,4
9/15/2018,Off-White,799.04,25,25,14,15,4
9/15/2018,Yeezy,376.1369863,73,25,14,15,4
9/16/2018,Off-White,690.96,25,25,14,15,4
9/16/2018,Yeezy,342.057971,69,25,14,15,4
9/17/2018,Off-White,771.9117647,34,25,14,15,4
9/17/2018,Yeezy,358.3157895,76,25,14,15,4
9/18/2018,Off-White,748.4285714,35,25,14,15,4
9/18/2018,Yeezy,371.5638298,94,25,14,15,4
9/19/2018,Off-White,858.4848485,33,25,14,15,4
9/19/2018,Yeezy,399.7916667,72,25,14,15,4
9/20/2018,Off-White,782.6923077,39,21,14,10,4
9/20/2018,Yeezy,348.744186,129,21,14,10,4
9/21/2018,Off-White,823.125,32,21,14,10,4
9/21/2018,Yeezy,336.9568966,116,21,14,10,4
9/22/2018,Off-White,793.75,24,21,14,10,4
9/22/2018,Yeezy,353.244186,86,21,14,10,4
9/23/2018,Off-White,721.1515152,33,21,14,10,4
9/23/2018,Yeezy,369.6329114,79,21,14,10,4
9/24/2018,Off-White,750.8888889,36,21,14,10,4
9/24/2018,Yeezy,358.7090909,110,21,14,10,4
9/25/2018,Off-White,703.32,25,21,14,10,4
9/25/2018,Yeezy,317.8125,128,21,14,10,4
9/26/2018,Off-White,712.1515152,33,21,14,10,4
9/26/2018,Yeezy,304.2327044,159,21,14,10,4
9/27/2018,Off-White,736.5846154,65,16,40,9,5
9/27/2018,Yeezy,300.6165803,193,16,40,9,5
9/28/2018,Off-White,707.1276596,47,16,40,9,5
9/28/2018,Yeezy,294.6894977,219,16,40,9,5
9/29/2018,Off-White,738,42,16,40,9,5
9/29/2018,Yeezy,274.9575758,165,16,40,9,5
9/30/2018,Off-White,773.5454545,33,16,40,9,5
9/30/2018,Yeezy,288.5536723,177,16,40,9,5
10/1/2018,Off-White,709.3043478,46,16,40,9,5
10/1/2018,Yeezy,293.2241379,174,16,40,9,5
10/2/2018,Off-White,699.8705882,85,16,40,9,5
10/2/2018,Yeezy,292.3219512,205,16,40,9,5
10/3/2018,Off-White,675.6315789,209,16,40,9,5
10/3/2018,Yeezy,283.3109756,164,16,40,9,5
10/4/2018,Off-White,670.7256098,164,21,43,7,5
10/4/2018,Yeezy,282.6896552,145,21,43,7,5
10/5/2018,Off-White,649.6702128,188,21,43,7,5
10/5/2018,Yeezy,322.1761364,176,21,43,7,5
10/6/2018,Off-White,595.8288288,111,21,43,7,5
10/6/2018,Yeezy,295.9007634,131,21,43,7,5
10/7/2018,Off-White,621,75,21,43,7,5
10/7/2018,Yeezy,289.3942308,104,21,43,7,5
10/8/2018,Off-White,635.484127,126,21,43,7,5
10/8/2018,Yeezy,314.5652174,138,21,43,7,5
10/9/2018,Off-White,675.9482759,116,21,43,7,5
10/9/2018,Yeezy,312.4296875,128,21,43,7,5
10/10/2018,Off-White,677.2,95,21,43,7,5
10/10/2018,Yeezy,305.1015625,128,21,43,7,5
10/11/2018,Off-White,612.5263158,76,25,27,6,4
10/11/2018,Yeezy,302.2089552,134,25,27,6,4
10/12/2018,Off-White,636.2535211,71,25,27,6,4
10/12/2018,Yeezy,319.1472868,129,25,27,6,4
10/13/2018,Off-White,652.0204082,49,25,27,6,4
10/13/2018,Yeezy,322.2150538,93,25,27,6,4
10/14/2018,Off-White,657.4603175,63,25,27,6,4
10/14/2018,Yeezy,310.4123711,97,25,27,6,4
10/15/2018,Off-White,628.9473684,76,25,27,6,4
10/15/2018,Yeezy,295.3364486,107,25,27,6,4
10/16/2018,Off-White,703.7619048,63,25,27,6,4
10/16/2018,Yeezy,292.7387387,111,25,27,6,4
10/17/2018,Off-White,636.6271186,59,25,27,6,4
10/17/2018,Yeezy,304.5130435,115,25,27,6,4
10/18/2018,Off-White,672.4637681,69,19,10,7,4
10/18/2018,Yeezy,317.2967033,91,19,10,7,4
10/19/2018,Off-White,666.260274,73,19,10,7,4
10/19/2018,Yeezy,310.4299065,107,19,10,7,4
10/20/2018,Off-White,669.3076923,65,19,10,7,4
10/20/2018,Yeezy,308.8928571,84,19,10,7,4
10/21/2018,Off-White,676.3076923,52,19,10,7,4
10/21/2018,Yeezy,276.556962,79,19,10,7,4
10/22/2018,Off-White,711.5384615,91,19,10,7,4
10/22/2018,Yeezy,304.6145833,96,19,10,7,4
10/23/2018,Off-White,654.5402299,87,19,10,7,4
10/23/2018,Yeezy,302.0582524,103,19,10,7,4
10/24/2018,Off-White,628.627907,86,19,10,7,4
10/24/2018,Yeezy,303.012987,77,19,10,7,4
10/25/2018,Off-White,674.706422,109,14,14,8,4
10/25/2018,Yeezy,340.5632184,87,14,14,8,4
10/26/2018,Off-White,665.6538462,78,14,14,8,4
10/26/2018,Yeezy,306.0128205,78,14,14,8,4
10/27/2018,Off-White,638.031746,63,14,14,8,4
10/27/2018,Yeezy,305.4204545,88,14,14,8,4
10/28/2018,Off-White,668.525,40,14,14,8,4
10/28/2018,Yeezy,309.56,75,14,14,8,4
10/29/2018,Off-White,651.967033,91,14,14,8,4
10/29/2018,Yeezy,314.0915256,117,14,14,8,4
10/30/2018,Off-White,693.6075949,79,14,14,8,4
10/30/2018,Yeezy,306.8125,96,14,14,8,4
10/31/2018,Off-White,630.8215385,325,14,14,8,4
10/31/2018,Yeezy,305.5748019,260,14,14,8,4
11/1/2018,Off-White,673.5132077,130,13,8,7,4
11/1/2018,Yeezy,295.1258278,151,13,8,7,4
11/2/2018,Off-White,692.9347826,46,13,8,7,4
11/2/2018,Yeezy,311.161409,89,13,8,7,4
11/3/2018,Off-White,739.7105263,38,13,8,7,4
11/3/2018,Yeezy,308,79,13,8,7,4
11/4/2018,Off-White,702.0540541,37,13,8,7,4
11/4/2018,Yeezy,322.0930233,86,13,8,7,4
11/5/2018,Off-White,635.75,44,13,8,7,4
11/5/2018,Yeezy,328.8275862,87,13,8,7,4
11/6/2018,Off-White,639.5333333,45,13,8,7,4
11/6/2018,Yeezy,291.137931,87,13,8,7,4
11/7/2018,Off-White,710.893617,47,13,8,7,4
11/7/2018,Yeezy,303.9878049,82,13,8,7,4
11/8/2018,Off-White,728.2608696,46,14,8,12,4
11/8/2018,Yeezy,313.1460674,89,14,8,12,4
11/9/2018,Off-White,693.2,40,14,8,12,4
11/9/2018,Yeezy,305.5535714,112,14,8,12,4
11/10/2018,Off-White,668.9090909,33,14,8,12,4
11/10/2018,Yeezy,324.8526316,95,14,8,12,4
11/11/2018,Off-White,716.4571429,35,14,8,12,4
11/11/2018,Yeezy,306.0111111,90,14,8,12,4
11/12/2018,Off-White,644.4814815,54,14,8,12,4
11/12/2018,Yeezy,313.7741033,91,14,8,12,4
11/13/2018,Off-White,700.125,48,14,8,12,4
11/13/2018,Yeezy,308.8833333,120,14,8,12,4
11/14/2018,Off-White,658.1481481,54,14,8,12,4
11/14/2018,Yeezy,303.8783784,148,14,8,12,4
11/15/2018,Off-White,668.08,50,13,6,14,5
11/15/2018,Yeezy,291.0358744,223,13,6,14,5
11/16/2018,Off-White,636.2972973,37,13,6,14,5
11/16/2018,Yeezy,292.0856924,1351,13,6,14,5
11/17/2018,Off-White,643.8888889,36,13,6,14,5
11/17/2018,Yeezy,290.3753608,485,13,6,14,5
11/18/2018,Off-White,614.5588235,34,13,6,14,5
11/18/2018,Yeezy,294.4359826,299,13,6,14,5
11/19/2018,Off-White,708.325,40,13,6,14,5
11/19/2018,Yeezy,290.7403509,285,13,6,14,5
11/20/2018,Off-White,681.5789474,38,13,6,14,5
11/20/2018,Yeezy,290.5217391,276,13,6,14,5
11/21/2018,Off-White,675.9047619,42,13,6,14,5
11/21/2018,Yeezy,286.1623456,298,13,6,14,5
11/22/2018,Off-White,696.6774194,31,13,7,12,5
11/22/2018,Yeezy,287.9429429,333,13,7,12,5
11/23/2018,Off-White,662.4876033,121,13,7,12,5
11/23/2018,Yeezy,282.9928227,1141,13,7,12,5
11/24/2018,Off-White,669.5263158,38,13,7,12,5
11/24/2018,Yeezy,288.8850575,435,13,7,12,5
11/25/2018,Off-White,726.675,40,13,7,12,5
11/25/2018,Yeezy,287.8430769,325,13,7,12,5
11/26/2018,Off-White,667.122449,196,13,7,12,5
11/26/2018,Yeezy,308.0531401,621,13,7,12,5
11/27/2018,Off-White,560.9625,80,13,7,12,5
11/27/2018,Yeezy,287.3731221,371,13,7,12,5
11/28/2018,Off-White,375.2920476,210,13,7,12,5
11/28/2018,Yeezy,286.1768489,311,13,7,12,5
11/29/2018,Off-White,402.7913438,144,13,7,10,4
11/29/2018,Yeezy,286.132515,313,13,7,10,4
11/30/2018,Off-White,399.5646139,158,13,7,10,4
11/30/2018,Yeezy,285.5184211,380,13,7,10,4
12/1/2018,Off-White,398.2692308,104,13,7,10,4
12/1/2018,Yeezy,287.7636986,292,13,7,10,4
12/2/2018,Off-White,410.8813559,118,13,7,10,4
12/2/2018,Yeezy,285.2701128,281,13,7,10,4
12/3/2018,Off-White,397.9673375,120,13,7,10,4
12/3/2018,Yeezy,288.8283207,309,13,7,10,4
12/4/2018,Off-White,421.1375868,106,13,7,10,4
12/4/2018,Yeezy,288.4129112,286,13,7,10,4
12/5/2018,Off-White,444.3565066,91,13,7,10,4
12/5/2018,Yeezy,289.7289017,288,13,7,10,4
12/6/2018,Off-White,457.7011494,87,21,16,12,5
12/6/2018,Yeezy,284.0209285,270,21,16,12,5
12/7/2018,Off-White,451.0674157,89,21,16,12,5
12/7/2018,Yeezy,291.8355263,304,21,16,12,5
12/8/2018,Off-White,442.5466667,75,21,16,12,5
12/8/2018,Yeezy,294.6667566,281,21,16,12,5
12/9/2018,Off-White,484.2916667,72,21,16,12,5
12/9/2018,Yeezy,296.7137097,248,21,16,12,5
12/10/2018,Off-White,467.9462366,93,21,16,12,5
12/10/2018,Yeezy,306.7743056,288,21,16,12,5
12/11/2018,Off-White,494.167137,100,21,16,12,5
12/11/2018,Yeezy,289.2632785,293,21,16,12,5
12/12/2018,Off-White,510.5095656,90,21,16,12,5
12/12/2018,Yeezy,297.3202614,306,21,16,12,5
12/13/2018,Off-White,464.6666667,93,15,11,10,5
12/13/2018,Yeezy,291.6307278,371,15,11,10,5
12/14/2018,Off-White,417.2201258,159,15,11,10,5
12/14/2018,Yeezy,297.0957592,731,15,11,10,5
12/15/2018,Off-White,465.5648148,108,15,11,10,5
12/15/2018,Yeezy,295.8625954,393,15,11,10,5
12/16/2018,Off-White,507.8,95,15,11,10,5
12/16/2018,Yeezy,293.7485714,350,15,11,10,5
12/17/2018,Off-White,455.1768707,147,15,11,10,5
12/17/2018,Yeezy,303.2414773,352,15,11,10,5
12/18/2018,Off-White,429.5786517,178,15,11,10,5
12/18/2018,Yeezy,303.9176136,352,15,11,10,5
12/19/2018,Off-White,430.0354572,327,15,11,10,5
12/19/2018,Yeezy,303.8415842,303,15,11,10,5
12/20/2018,Off-White,446.0572333,204,13,7,20,5
12/20/2018,Yeezy,300.3289474,304,13,7,20,5
12/21/2018,Off-White,436.4564103,195,13,7,20,5
12/21/2018,Yeezy,302.4862069,290,13,7,20,5
12/22/2018,Off-White,435.9859155,142,13,7,20,5
12/22/2018,Yeezy,298.3730769,260,13,7,20,5
12/23/2018,Off-White,442.5748112,107,13,7,20,5
12/23/2018,Yeezy,300.5344828,232,13,7,20,5
12/24/2018,Off-White,429.1284404,109,13,7,20,5
12/24/2018,Yeezy,304.1000346,246,13,7,20,5
12/25/2018,Off-White,456.047619,147,13,7,20,5
12/25/2018,Yeezy,302.5722564,353,13,7,20,5
12/26/2018,Off-White,483.9508197,183,13,7,20,5
12/26/2018,Yeezy,319.8558719,562,13,7,20,5
12/27/2018,Off-White,454.1014493,138,14,10,9,4
12/27/2018,Yeezy,297.9175906,896,14,10,9,4
12/28/2018,Off-White,469.1197183,142,14,10,9,4
12/28/2018,Yeezy,312.942029,621,14,10,9,4
12/29/2018,Off-White,487.173913,92,14,10,9,4
12/29/2018,Yeezy,326.3180778,437,14,10,9,4
12/30/2018,Off-White,454.9027778,72,14,10,9,4
12/30/2018,Yeezy,311.6723821,324,14,10,9,4
12/31/2018,Off-White,556.236153,66,14,10,9,4
12/31/2018,Yeezy,312.9748201,278,14,10,9,4
1/1/2019,Off-White,538.6911765,68,14,10,9,4
1/1/2019,Yeezy,315.4236641,262,14,10,9,4
1/2/2019,Off-White,544.4629064,94,14,10,9,4
1/2/2019,Yeezy,339.0585106,376,14,10,9,4
1/3/2019,Off-White,549.06,100,17,6,8,4
1/3/2019,Yeezy,325.6749642,452,17,6,8,4
1/4/2019,Off-White,519.383976,75,17,6,8,4
1/4/2019,Yeezy,323.0972748,519,17,6,8,4
1/5/2019,Off-White,587.0923077,65,17,6,8,4
1/5/2019,Yeezy,319.5601736,406,17,6,8,4
1/6/2019,Off-White,558.8421053,57,17,6,8,4
1/6/2019,Yeezy,325.0109327,318,17,6,8,4
1/7/2019,Off-White,544.5168539,89,17,6,8,4
1/7/2019,Yeezy,339.5985222,406,17,6,8,4
1/8/2019,Off-White,588.1621622,74,17,6,8,4
1/8/2019,Yeezy,343.7704285,414,17,6,8,4
1/9/2019,Off-White,556.9176471,85,17,6,8,4
1/9/2019,Yeezy,326.8514412,451,17,6,8,4
1/10/2019,Off-White,532.3880597,67,14,6,7,4
1/10/2019,Yeezy,319.8083507,339,14,6,7,4
1/11/2019,Off-White,552.5176515,66,14,6,7,4
1/11/2019,Yeezy,319.1265397,345,14,6,7,4
1/12/2019,Off-White,566,53,14,6,7,4
1/12/2019,Yeezy,324.1433566,286,14,6,7,4
1/13/2019,Off-White,603.1176471,51,14,6,7,4
1/13/2019,Yeezy,319.5659574,235,14,6,7,4
1/14/2019,Off-White,545.92,75,14,6,7,4
1/14/2019,Yeezy,327.1146245,253,14,6,7,4
1/15/2019,Off-White,542.6567164,67,14,6,7,4
1/15/2019,Yeezy,326.752,250,14,6,7,4
1/16/2019,Off-White,609.0689655,58,14,6,7,4
1/16/2019,Yeezy,322.5503597,278,14,6,7,4
1/17/2019,Off-White,534.9016393,61,13,6,6,4
1/17/2019,Yeezy,316.854251,247,13,6,6,4
1/18/2019,Off-White,583.0645161,62,13,6,6,4
1/18/2019,Yeezy,317.1769231,260,13,6,6,4
1/19/2019,Off-White,567.1041667,48,13,6,6,4
1/19/2019,Yeezy,317.5081967,244,13,6,6,4
1/20/2019,Off-White,565.9183673,49,13,6,6,4
1/20/2019,Yeezy,321.8515284,229,13,6,6,4
1/21/2019,Off-White,596.0833333,48,13,6,6,4
1/21/2019,Yeezy,334.3146552,232,13,6,6,4
1/22/2019,Off-White,601.0793651,63,13,6,6,4
1/22/2019,Yeezy,325.8426084,215,13,6,6,4
1/23/2019,Off-White,514.1525424,59,13,6,6,4
1/23/2019,Yeezy,331.5750439,196,13,6,6,4
1/24/2019,Off-White,526.7878788,66,11,6,6,4
1/24/2019,Yeezy,320.0235236,208,11,6,6,4
1/25/2019,Off-White,576.45,60,11,6,6,4
1/25/2019,Yeezy,329.9723452,219,11,6,6,4
1/26/2019,Off-White,577.5,56,11,6,6,4
1/26/2019,Yeezy,337.0604523,193,11,6,6,4
1/27/2019,Off-White,545.5450706,51,11,6,6,4
1/27/2019,Yeezy,336.3764451,193,11,6,6,4
1/28/2019,Off-White,583.8783784,74,11,6,6,4
1/28/2019,Yeezy,328.7568775,200,11,6,6,4
1/29/2019,Off-White,592.1570047,64,11,6,6,4
1/29/2019,Yeezy,354.1481772,189,11,6,6,4
1/30/2019,Off-White,530.3787879,66,11,6,6,4
1/30/2019,Yeezy,328.2181054,185,11,6,6,4
1/31/2019,Off-White,610.7402597,77,11,5,5,5
1/31/2019,Yeezy,337.8947764,199,11,5,5,5
2/1/2019,Off-White,609.2368421,76,11,5,5,5
2/1/2019,Yeezy,324.3128205,195,11,5,5,5
2/2/2019,Off-White,586.600752,50,11,5,5,5
2/2/2019,Yeezy,342.9518072,166,11,5,5,5
2/3/2019,Off-White,721.1298185,54,11,5,5,5
2/3/2019,Yeezy,333.3516412,165,11,5,5,5
2/4/2019,Off-White,539.3216892,74,11,5,5,5
2/4/2019,Yeezy,337.029703,202,11,5,5,5
2/5/2019,Off-White,638,86,11,5,5,5
2/5/2019,Yeezy,336.7408907,247,11,5,5,5
2/6/2019,Off-White,567.150641,312,11,5,5,5
2/6/2019,Yeezy,386.0055257,567,11,5,5,5
2/7/2019,Off-White,554.8210656,468,18,6,5,4
2/7/2019,Yeezy,375.7705988,425,18,6,5,4
2/8/2019,Off-White,577.1532403,186,18,6,5,4
2/8/2019,Yeezy,357.2378855,227,18,6,5,4
2/9/2019,Off-White,557.8938507,136,18,6,5,4
2/9/2019,Yeezy,346.8677776,210,18,6,5,4
2/10/2019,Off-White,558.9789474,95,18,6,5,4
2/10/2019,Yeezy,348.9759615,208,18,6,5,4
2/11/2019,Off-White,588.590596,198,18,6,5,4
2/11/2019,Yeezy,340.1331308,247,18,6,5,4
2/12/2019,Off-White,555.028878,191,18,6,5,4
2/12/2019,Yeezy,343.713615,213,18,6,5,4
2/13/2019,Off-White,556.9489051,137,18,6,5,4
2/13/2019,Yeezy,336.2070597,211,18,6,5,4
